FEC_MATRICULA,COD_CLASE_MAT,FEC_TRAMITACION,MARCA_ITV,MODELO_ITV,PROVINCIA_VEH,COMUNIDAD_AUTONOMA,CILINDRADA_ITV
"06072026","0","","QJMOTOR","MTX 125 E5+","Barcelona","Cataluña","125"
"06072026","0","","CYCLONE","SR600-3A","Madrid","Comunidad de Madrid","549"
"06072026","0","","CFMOTO","800MT-X","Bizkaia","País Vasco","799"
"06072026","0","","YAMAHA","TMAX 560","Coruña (A)","Galicia","562"
"06072026","0","","SYM","JET 14","Valladolid","Castilla y León","125"
"06072026","0","","APRILIA","SR GT 125","Santa Cruz de Tenerife","Canarias","125"
"06072026","0","","QJMOTOR","SRV 125 E5+","Barcelona","Cataluña","125"
"06072026","0","","ZONTES","125C","Málaga","Andalucía","125"
"06072026","0","","KYMCO","DTX","Bizkaia","País Vasco","321"
"06072026","0","","SYM","SYMPHONY 125","Barcelona","Cataluña","125"
"06072026","0","","HARLEY-DAVIDSON","NIGHTSTER SPECIAL","Madrid","Comunidad de Madrid","975"
"06072026","0","","KYMCO","AGILITY S","Alicante/Alacant","Comunidad Valenciana","125"
"06072026","0","","YAMAHA","NMAX 125","Córdoba","Andalucía","125"
"06072026","0","","ZONTES","368G","Melilla","Melilla","368"
"06072026","0","","ZONTES","368D","Bizkaia","País Vasco","368"
"06072026","0","","ZONTES","125X","Cáceres","Extremadura","125"
"06072026","0","","SYM","JET X","Tarragona","Cataluña","125"
"06072026","0","","QJMOTOR","SRK 125 S E5+","Girona","Cataluña","125"
"06072026","0","","HONDA","SH125i","Málaga","Andalucía","125"
"06072026","0","","KAWASAKI","Z900","Alicante/Alacant","Comunidad Valenciana","948"
"06072026","0","","ZONTES","125X","Barcelona","Cataluña","125"
"06072026","0","","MOTO MORINI","CALIBRO","Santa Cruz de Tenerife","Canarias","693"
"06072026","0","","KAWASAKI","KLE500","Girona","Cataluña","451"
"06072026","0","","KEEWAY","RKS 125","Alicante/Alacant","Comunidad Valenciana","124"
"06072026","0","","PIAGGIO","LIBERTY 125 ABS","Bizkaia","País Vasco","124"
"06072026","0","","ZONTES","125X","Granada","Andalucía","125"
"06072026","0","","KYMCO","SKYTOWN 125","Barcelona","Cataluña","125"
"06072026","0","","APRILIA","RX 125","Cádiz","Andalucía","124"
"06072026","0","","YAMAHA","XSR-125","Murcia","Región de Murcia","125"
"06072026","0","","ROYAL ENFIELD","HIMALAYAN 452","Asturias","Principado de Asturias","452"
"06072026","0","","YAMAHA","MT-07","Gipuzkoa","País Vasco","689"
"06072026","0","","HONDA","CBR 650 R","Valencia/València","Comunidad Valenciana","649"
"06072026","0","","HONDA","ADV 350","Madrid","Comunidad de Madrid","330"
"06072026","0","","YAMAHA","NMAX 125","Illes Balears","Illes Balears","125"
"06072026","0","","YAMAHA","YZF-R9","Almería","Andalucía","890"
"06072026","0","","ZONTES","125X","Illes Balears","Illes Balears","125"
"06072026","0","","ZONTES","125X","Madrid","Comunidad de Madrid","125"
"06072026","0","","YAMAHA","XMAX 125","Barcelona","Cataluña","125"
"06072026","0","","YAMAHA","XMAX 125","Barcelona","Cataluña","125"
"06072026","0","","YAMAHA","XTZ 700 Tenere","Barcelona","Cataluña","689"
"06072026","0","","MH MOTORCYCLES","VR10","Sevilla","Andalucía","124"
"06072026","0","","HONDA","ADV 750","Málaga","Andalucía","745"
"06072026","0","","VOGE","DS800X RALLY","Valencia/València","Comunidad Valenciana","798"
"06072026","0","","TRIUMPH","STREET TRIPLE RS","Sevilla","Andalucía","765"
"06072026","0","","KYMCO","DTX","Córdoba","Andalucía","124"
"06072026","0","","KOVE","KOVE 800 X PRO 2026","Madrid","Comunidad de Madrid","799"
"06072026","0","","SYM","SYMPHONY 125","Cádiz","Andalucía","125"
"06072026","0","","SHARMAX","FX125 ADV","Barcelona","Cataluña","125"
"06072026","0","","APRILIA","SR GT 400","Cádiz","Andalucía","399"
"06072026","0","","ZONTES","368G","Cantabria","Cantabria","368"
"06072026","0","","HONDA","ADV 350","Barcelona","Cataluña","330"
"06072026","0","","HONDA","FORZA125","Bizkaia","País Vasco","125"
"06072026","0","","KEEWAY","RKS 125","Alicante/Alacant","Comunidad Valenciana","124"
"06072026","0","","YAMAHA","NMAX 125","Illes Balears","Illes Balears","125"
"06072026","0","","BENELLI","TRK 702","Valencia/València","Comunidad Valenciana","698"
"06072026","0","","SUZUKI","AVENIS 125","Zaragoza","Aragón","124"
"06072026","0","","SYM","CRUISYM 125 TCS E5+","Barcelona","Cataluña","124"
"06072026","0","","HONDA","SH125i","Girona","Cataluña","125"
"06072026","0","","KYMCO","XCITING VS 400","Madrid","Comunidad de Madrid","400"
"06072026","0","","ZONTES","125X","Pontevedra","Galicia","125"
"06072026","0","","ZONTES","125C","Valladolid","Castilla y León","125"
"06072026","0","","TRIUMPH","SCRAMBLER 400 X","Madrid","Comunidad de Madrid","398"
"06072026","0","","YAMAHA","NMAX 125","Sevilla","Andalucía","125"
"06072026","0","","ZONTES","368G","Sevilla","Andalucía","368"
"06072026","0","","YAMAHA","RayZR 125","Girona","Cataluña","125"
"06072026","0","","YAMAHA","RayZR 125","Illes Balears","Illes Balears","125"
"06072026","0","","VOGE","R125","Santa Cruz de Tenerife","Canarias","125"
"06072026","0","","YAMAHA","XMAX 125","Barcelona","Cataluña","125"
"06072026","0","","KYMCO","SKYTOWN 125","Gipuzkoa","País Vasco","125"
"06072026","0","","ZONTES","125X","Palmas (Las)","Canarias","125"
"06072026","0","","QJMOTOR","SRT 900 S","Barcelona","Cataluña","904"
"06072026","0","","YAMAHA","MT-125","Barcelona","Cataluña","125"
"06072026","0","","ZONTES","368K","Cantabria","Cantabria","368"
"06072026","0","","YAMAHA","XMAX 300","Girona","Cataluña","292"
"06072026","0","","VOGE","R125S","Málaga","Andalucía","125"
"06072026","0","","PIAGGIO","MEDLEY 125","Alicante/Alacant","Comunidad Valenciana","125"
"06072026","0","","ZONTES","125X","Valencia/València","Comunidad Valenciana","125"
"06072026","0","","VOGE","SR16","Cádiz","Andalucía","125"
"06072026","0","","VOGE","DS800X RALLY","Gipuzkoa","País Vasco","798"
"06072026","0","","ZONTES","125X","Barcelona","Cataluña","125"
"06072026","0","","HONDA","CB 125 F","Sevilla","Andalucía","124"
"06072026","0","","ZONTES","125M","Valencia/València","Comunidad Valenciana","125"
"06072026","0","","KAWASAKI","NINJA 125","Bizkaia","País Vasco","125"
"06072026","0","","SUZUKI","BURGMAN 400","Barcelona","Cataluña","400"
"06072026","0","","ZONTES","368G","Jaén","Andalucía","368"
"06072026","0","","ZONTES","ZT125-G1","Bizkaia","País Vasco","125"
"06072026","0","","ZONTES","125X","Cádiz","Andalucía","125"
"06072026","0","","YAMAHA","XMAX 125","Barcelona","Cataluña","125"
"06072026","0","","VOGE","SR1ADV","Santa Cruz de Tenerife","Canarias","125"
"06072026","0","","YAMAHA","TRACER 700","Tarragona","Cataluña","689"
"06072026","0","","ZONTES","125E","Barcelona","Cataluña","125"
"06072026","0","","HONDA","Rebel 500","Cádiz","Andalucía","471"
"06072026","0","","YAMAHA","XMAX 300","Illes Balears","Illes Balears","292"
"06072026","0","","YAMAHA","RayZR 125","Málaga","Andalucía","125"
"06072026","0","","YAMAHA","NMAX 125","Illes Balears","Illes Balears","125"
"06072026","0","","ZONTES","125X","Alicante/Alacant","Comunidad Valenciana","125"
"06072026","0","","HONDA","PCX 125","Lleida","Cataluña","125"
"06072026","0","","HONDA","ADV 350","Bizkaia","País Vasco","330"
"06072026","0","","KYMCO","DTX","Bizkaia","País Vasco","124"
"06072026","0","","PIAGGIO","VESPA GTS","Barcelona","Cataluña","310"
"06072026","0","","RIEJU","N/A","Madrid","Comunidad de Madrid","297"
"06072026","0","","HONDA","PCX 125","Murcia","Región de Murcia","125"
"06072026","0","","ZONTES","125X","Madrid","Comunidad de Madrid","125"
"06072026","0","","HONDA","FORZA125","Barcelona","Cataluña","125"
"06072026","0","","ZONTES","368G","Granada","Andalucía","368"
"06072026","0","","BENELLI","TRK 702","Toledo","Castilla-La Mancha","698"
"06072026","0","","SYM","SYMPHONY 125","Barcelona","Cataluña","125"
"06072026","0","","HONDA","PCX 125","Madrid","Comunidad de Madrid","125"
"06072026","0","","PIAGGIO","VESPA PRIMAVERA 125","Cádiz","Andalucía","124"
"06072026","0","","KAWASAKI","NINJA 1100SX","Gipuzkoa","País Vasco","1099"
"06072026","0","","BMW","M 1000 XR","Palencia","Castilla y León","999"
"06072026","0","","HONDA","PCX 125","Santa Cruz de Tenerife","Canarias","125"
"06072026","0","","YAMAHA","NMAX 125","Santa Cruz de Tenerife","Canarias","125"
"06072026","0","","ZONTES","368E","Pontevedra","Galicia","368"
"06072026","0","","ZONTES","125C","Valencia/València","Comunidad Valenciana","125"
"06072026","0","","VOGE","SR1","Barcelona","Cataluña","125"
"06072026","0","","ZONTES","368G","Tarragona","Cataluña","368"
"06072026","0","","KYMCO","DTX","Málaga","Andalucía","321"
"06072026","0","","ZONTES","125X","Cádiz","Andalucía","125"
"06072026","0","","HONDA","FORZA125","Cantabria","Cantabria","125"
"06072026","0","","KYMCO","DTX","Gipuzkoa","País Vasco","124"
"06072026","0","","ZONTES","125X","Madrid","Comunidad de Madrid","125"
"06072026","0","","ZONTES","125X","Granada","Andalucía","125"
"06072026","0","","PIAGGIO","VESPA PRIMAVERA 125","Alicante/Alacant","Comunidad Valenciana","124"
"06072026","0","","YAMAHA","XTZ 700 Tenere","Illes Balears","Illes Balears","689"
"06072026","0","","YAMAHA","XTZ 700 Tenere","Cuenca","Castilla-La Mancha","689"
"06072026","0","","HONDA","SH350i","Barcelona","Cataluña","330"
"06072026","0","","SYM","JET 14","Alicante/Alacant","Comunidad Valenciana","125"
"06072026","0","","SUZUKI","GSX-8S","Barcelona","Cataluña","776"
"06072026","0","","KYMCO","SUPER DINK GT 125 E5+","Ciudad Real","Castilla-La Mancha","124"
"06072026","0","","ZONTES","ZT125-U","Valencia/València","Comunidad Valenciana","125"
"06072026","0","","YAMAHA","MT-09","Alicante/Alacant","Comunidad Valenciana","890"
"06072026","0","","KAWASAKI","VERSYS 650","Tarragona","Cataluña","649"
"06072026","0","","ZONTES","125X","Pontevedra","Galicia","125"
"06072026","0","","SYM","SYMPHONY 125","Sevilla","Andalucía","125"
"06072026","0","","HONDA","CBF 125","Lugo","Galicia","125"
"06072026","0","","MORBIDELLI","SC125LX","Barcelona","Cataluña","125"
"06072026","0","","HONDA","PCX 125","Salamanca","Castilla y León","125"
"06072026","0","","HONDA","PCX 125","Santa Cruz de Tenerife","Canarias","125"
"06072026","0","","HONDA","SH350i","Tarragona","Cataluña","330"
"06072026","0","","CYCLONE","RX2","Córdoba","Andalucía","124"
"06072026","0","","VOGE","DS800X RALLY","Palmas (Las)","Canarias","798"
"06072026","0","","YAMAHA","TMAX 560","Valencia/València","Comunidad Valenciana","562"
"06072026","0","","HONDA","ADV 350","Coruña (A)","Galicia","330"
"06072026","0","","YAMAHA","XTZ 700 Tenere","Burgos","Castilla y León","689"
"06072026","0","","YAMAHA","XMAX 300","Ceuta","Ceuta","292"
"06072026","0","","BRIXTON","FELSBERG 125 ABS","Illes Balears","Illes Balears","125"
"06072026","0","06072026","PIAGGIO","LIBERTY 125 ABS","Cádiz","Andalucía","124"
"06072026","0","","HONDA","FORZA125","Pontevedra","Galicia","125"
"06072026","0","","HONDA","FORZA 350","Valencia/València","Comunidad Valenciana","330"
"06072026","0","","ZONTES","368G","Cádiz","Andalucía","368"
"06072026","0","","CFMOTO","450MT","Cantabria","Cantabria","449"
"06072026","0","","ZONTES","703RR","Santa Cruz de Tenerife","Canarias","699"
"06072026","0","","PIAGGIO","LIBERTY 125 ABS","Cádiz","Andalucía","124"
"06072026","0","","HONDA","FORZA125","Bizkaia","País Vasco","125"
"06072026","0","","SYM","JET 14","Barcelona","Cataluña","125"
"06072026","0","","ZONTES","368G","Gipuzkoa","País Vasco","368"
"06072026","0","","LAMBRETTA","V125 SPECIAL FLEX","Illes Balears","Illes Balears","125"
"06072026","0","","YAMAHA","MT-125","Cádiz","Andalucía","125"
"06072026","0","","HONDA","FORZA125","Barcelona","Cataluña","125"
"06072026","0","","HONDA","SH125i","Barcelona","Cataluña","125"
"06072026","0","","ZONTES","368G","Málaga","Andalucía","368"
"06072026","0","","YAMAHA","NMAX 125","Granada","Andalucía","125"
"06072026","0","","KYMCO","SUPER DINK GT 125 E5+","Pontevedra","Galicia","124"
"06072026","0","","ZONTES","ZT125-G1","Burgos","Castilla y León","125"
"06072026","0","","HONDA","SH125i","Gipuzkoa","País Vasco","125"
"06072026","0","","ZONTES","125E","Barcelona","Cataluña","125"
"06072026","0","","ZONTES","703F","Valencia/València","Comunidad Valenciana","699"
"06072026","0","","HONDA","VISION 110","Barcelona","Cataluña","109"
"06072026","0","","HONDA","SH125i","Barcelona","Cataluña","125"
"06072026","0","","YAMAHA","XMAX 300","Gipuzkoa","País Vasco","292"
"06072026","0","","VOGE","625DSX","Valencia/València","Comunidad Valenciana","581"
"06072026","0","","MACBOR","MONTANA XR1 125 EVO","Barcelona","Cataluña","124"
"06072026","0","","YAMAHA","RayZR 125","Cádiz","Andalucía","125"
"06072026","0","","HONDA","VISION 110","Málaga","Andalucía","109"
"06072026","0","","YAMAHA","NMAX 125","Barcelona","Cataluña","125"
"06072026","0","","ZONTES","125X","Zaragoza","Aragón","125"
"06072026","0","","YAMAHA","XMAX 125","Madrid","Comunidad de Madrid","125"
"06072026","0","","ZONTES","125X","Madrid","Comunidad de Madrid","125"
"06072026","0","","YAMAHA","XMAX 125","Cádiz","Andalucía","125"
"06072026","0","","KYMCO","DTX","Palmas (Las)","Canarias","124"
"06072026","0","","YAMAHA","NMAX 125","Barcelona","Cataluña","125"
"06072026","0","","YAMAHA","NMAX 125","Tarragona","Cataluña","125"
"06072026","0","","ZONTES","125E","Barcelona","Cataluña","125"
"06072026","0","","SYM","SYMPHONY 125","Barcelona","Cataluña","125"
"06072026","0","","KYMCO","AGILITY S","Alicante/Alacant","Comunidad Valenciana","125"
"06072026","0","","ZONTES","368G","León","Castilla y León","368"
"06072026","0","","KYMCO","DTX","Pontevedra","Galicia","321"
"06072026","0","","ZONTES","125X","Melilla","Melilla","125"
"06072026","0","","YAMAHA","XMAX 125","Barcelona","Cataluña","125"
"06072026","0","","ZONTES","125X","Barcelona","Cataluña","125"
"06072026","0","","ZONTES","368G","Coruña (A)","Galicia","368"
"06072026","0","","APRILIA","RX 125","Rioja (La)","La Rioja","124"
"06072026","0","","PIAGGIO","VESPA PRIMAVERA 125","Málaga","Andalucía","124"
"06072026","0","","ZONTES","ZT125-U","Madrid","Comunidad de Madrid","125"
"06072026","0","","KYMCO","AGILITY S","Álava/Araba","País Vasco","125"
"06072026","0","","CYCLONE","RX2","Illes Balears","Illes Balears","124"
"06072026","0","","HONDA","PCX 125","Murcia","Región de Murcia","125"
"06072026","0","","SYM","JET 14","Girona","Cataluña","125"
"06072026","0","","ZONTES","368G","Barcelona","Cataluña","368"
"06072026","0","","SYM","SYMPHONY 125","Valencia/València","Comunidad Valenciana","125"
"06072026","0","","MITT","EMPEROR","Valladolid","Castilla y León","125"
"06072026","0","","YAMAHA","RayZR 125","Málaga","Andalucía","125"
"06072026","0","","HONDA","SH125i","Málaga","Andalucía","125"
"06072026","0","","SHARMAX","FX125 ADV","Lugo","Galicia","125"
"06072026","0","","HONDA","ADV 350","Lleida","Cataluña","330"
"06072026","0","","ZONTES","368D","Málaga","Andalucía","368"
"06072026","0","","ZONTES","703RR","Madrid","Comunidad de Madrid","699"
"06072026","0","","ZONTES","368G","Cantabria","Cantabria","368"
"06072026","0","","ZONTES","125X","Madrid","Comunidad de Madrid","125"
"06072026","0","","YAMAHA","XTZ 700 Tenere","Illes Balears","Illes Balears","689"
"06072026","0","","RIEJU","N/A","Zaragoza","Aragón","125"
"06072026","0","","KTM","KTM 125 DUKE","Pontevedra","Galicia","125"
"06072026","0","","SYM","SYMPHONY 125","Barcelona","Cataluña","125"
"06072026","0","","SYM","JET 14","Cádiz","Andalucía","125"
"06072026","0","","YAMAHA","NMAX 125","Cádiz","Andalucía","125"
"06072026","0","","QJMOTOR","FORT 125 N E5+","Coruña (A)","Galicia","125"
"06072026","0","","ZONTES","125C","Bizkaia","País Vasco","125"
"06072026","0","","CFMOTO","675SR-R","Madrid","Comunidad de Madrid","674"
"06072026","0","","CYCLONE","RX2","Málaga","Andalucía","124"
"06072026","0","","KEEWAY","ICON 125 S","Córdoba","Andalucía","124"
"06072026","0","","ZONTES","368D","Valencia/València","Comunidad Valenciana","368"
"06072026","0","","ZONTES","125X","Barcelona","Cataluña","125"
"06072026","0","","APRILIA","SR GT 400","Madrid","Comunidad de Madrid","399"
"06072026","0","","KAWASAKI","Z125","Almería","Andalucía","125"
"06072026","0","","MITT","ALTO 125","Madrid","Comunidad de Madrid","125"
"06072026","0","","PIAGGIO","VESPA PRIMAVERA 125","Cádiz","Andalucía","124"
"06072026","0","","KTM","KTM 890 ADVENTURE R","Cantabria","Cantabria","889"
"06072026","0","","YAMAHA","XMAX 125","Palmas (Las)","Canarias","125"
"06072026","0","","ZONTES","368M","Málaga","Andalucía","368"
"06072026","0","","ZONTES","368G","Madrid","Comunidad de Madrid","368"
"06072026","0","","HONDA","FORZA125","Almería","Andalucía","125"
"06072026","0","","KYMCO","SKYTOWN 125","Ciudad Real","Castilla-La Mancha","125"
"06072026","0","","KYMCO","AGILITY S","Cádiz","Andalucía","125"
"06072026","0","","MITT","125 DESERT","Madrid","Comunidad de Madrid","125"
"06072026","0","","KTM","KTM 300 EXC","Cantabria","Cantabria","293"
"06072026","0","","KAWASAKI","NINJA 650","Girona","Cataluña","649"
"06072026","0","","PIAGGIO","VESPA PRIMAVERA 125","Cádiz","Andalucía","124"
"06072026","0","","ZONTES","125X","Gipuzkoa","País Vasco","125"
"06072026","0","","LETBE","HJ125T-5B","Illes Balears","Illes Balears","125"
"06072026","0","","HONDA","PCX 125","Madrid","Comunidad de Madrid","125"
"06072026","0","","YAMAHA","XMAX 125","Barcelona","Cataluña","125"
"06072026","0","","ZONTES","368G","Córdoba","Andalucía","368"
"06072026","0","","HONDA","SH125i","Córdoba","Andalucía","125"
"06072026","0","","YAMAHA","TMAX 560","Madrid","Comunidad de Madrid","562"
"06072026","0","","HONDA","FORZA125","Barcelona","Cataluña","125"
"06072026","0","","YAMAHA","MT-09","Illes Balears","Illes Balears","890"
"06072026","0","","HONDA","CRF1100L Africa Twin","Córdoba","Andalucía","1084"
"06072026","0","","HONDA","GB350S","Madrid","Comunidad de Madrid","348"
"06072026","0","","SYM","SYMPHONY 125","Illes Balears","Illes Balears","125"
"06072026","0","","ZONTES","703RR","Albacete","Castilla-La Mancha","699"
"06072026","0","","ROYAL ENFIELD","INTERCEPTOR BEAR 650","Valencia/València","Comunidad Valenciana","648"
"06072026","0","","VOGE","DS525X","Málaga","Andalucía","494"
"06072026","0","","ZONTES","125X","Madrid","Comunidad de Madrid","125"
"06072026","0","","HUSQVARNA","HUSQVARNA FE 450","Valencia/València","Comunidad Valenciana","450"
"06072026","0","","KOVE","KOVE 800 X GT","Madrid","Comunidad de Madrid","799"
"06072026","0","","TRIUMPH","SCRAMBLER 400 X","Huelva","Andalucía","398"
"06072026","0","","ZONTES","125X","Valencia/València","Comunidad Valenciana","125"
"06072026","0","","KAWASAKI","Z650","Palmas (Las)","Canarias","649"
"06072026","0","","ZONTES","368G","Madrid","Comunidad de Madrid","368"
"06072026","0","","PEUGEOT","DJANGO","Alicante/Alacant","Comunidad Valenciana","125"
"06072026","0","","YAMAHA","MT-125","Coruña (A)","Galicia","125"
"06072026","0","","QJMOTOR","SRK 125 S E5+","Cantabria","Cantabria","125"
"06072026","0","","HUSQVARNA","HUSQVARNA 701 SUPERMOT","Valencia/València","Comunidad Valenciana","693"
"06072026","0","","YAMAHA","XMAX 300","Girona","Cataluña","292"
"06072026","0","","HONDA","PCX 125","Cádiz","Andalucía","125"
"06072026","0","","YAMAHA","XMAX 300","Alicante/Alacant","Comunidad Valenciana","292"
"06072026","0","","HONDA","FORZA125","Bizkaia","País Vasco","125"
"06072026","0","","QJMOTOR","SRT 900 SX","Barcelona","Cataluña","904"
"06072026","0","","ZONTES","125X","Madrid","Comunidad de Madrid","125"
"06072026","0","","HONDA","FORZA125","Alicante/Alacant","Comunidad Valenciana","125"
"06072026","0","","ZONTES","368G","Sevilla","Andalucía","368"
"06072026","0","","NEXT","NX2 125I","Navarra","Comunidad Foral de Navarra","125"
"06072026","0","","VOGE","625DSX","Barcelona","Cataluña","581"
"06072026","0","","PIAGGIO","VESPA PRIMAVERA 125","Ciudad Real","Castilla-La Mancha","124"
"06072026","0","","BMW","M 1000 XR","Madrid","Comunidad de Madrid","999"
"06072026","0","","PIAGGIO","LIBERTY 125 ABS","Cádiz","Andalucía","124"
"06072026","0","","HONDA","SH125i","Málaga","Andalucía","125"
"06072026","0","","YAMAHA","RayZR 125","Girona","Cataluña","125"
"06072026","0","","ZONTES","368G","Málaga","Andalucía","368"
"06072026","0","","SUZUKI","GSX-R125","Madrid","Comunidad de Madrid","124"
"06072026","0","","VOGE","DS525X","Málaga","Andalucía","494"
"06072026","0","","HONDA","VISION 110","Barcelona","Cataluña","109"
"06072026","0","","HONDA","PCX 125","Santa Cruz de Tenerife","Canarias","125"
"06072026","0","","YAMAHA","XMAX 125","Barcelona","Cataluña","125"
"06072026","0","","MACBOR","ROCKSTER FLAT 125 EVO","Alicante/Alacant","Comunidad Valenciana","125"
"06072026","0","","KYMCO","SUPER DINK GT","Granada","Andalucía","321"
"06072026","0","","SUZUKI","GSX-8S","Zaragoza","Aragón","776"
"06072026","0","","ZONTES","ZT125-U","Murcia","Región de Murcia","125"
"06072026","0","","CFMOTO","675SR-R","Barcelona","Cataluña","674"
"06072026","0","","KYMCO","PEOPLE S 125 E5+","Gipuzkoa","País Vasco","125"
"06072026","0","","HONDA","SH125i","Gipuzkoa","País Vasco","125"
"06072026","0","","SYM","ADX 300 TCS","Murcia","Región de Murcia","278"
"06072026","0","","MH MOTORCYCLES","TRAY","Córdoba","Andalucía","125"
"06072026","0","","YAMAHA","NMAX 125","Cádiz","Andalucía","125"
"06072026","0","","MORBIDELLI","T502X","Asturias","Principado de Asturias","486"
"06072026","0","","HONDA","PCX 125","Barcelona","Cataluña","125"
"06072026","0","","SYM","ADX 300 TCS","Girona","Cataluña","278"
"06072026","0","","HONDA","ADV 350","Córdoba","Andalucía","330"
"06072026","0","","CFMOTO","1000MT-X","Cádiz","Andalucía","946"
"06072026","0","","MH MOTORCYCLES","VRT","Cádiz","Andalucía","124"
"06072026","0","","HONDA","SH125i","Alicante/Alacant","Comunidad Valenciana","125"
"06072026","0","","YAMAHA","XMAX 300","Barcelona","Cataluña","292"
"06072026","0","","PIAGGIO","VESPA PRIMAVERA 125","Cádiz","Andalucía","124"
"06072026","0","","SYM","SYMPHONY 125","Barcelona","Cataluña","125"
"06072026","0","","YAMAHA","RayZR 125","Sevilla","Andalucía","125"
"06072026","0","","SUZUKI","BURGMAN 400","Cádiz","Andalucía","400"
"06072026","0","","ZONTES","125X","Barcelona","Cataluña","125"
"06072026","0","","KYMCO","DTX","Barcelona","Cataluña","124"
"06072026","0","","ZONTES","125X","León","Castilla y León","125"
"06072026","0","","QJMOTOR","SRT 900 SX","Barcelona","Cataluña","904"
"06072026","0","","CYCLONE","RX2","Málaga","Andalucía","124"
"06072026","0","","ZONTES","125X","Zaragoza","Aragón","125"
"06072026","0","","HONDA","PCX 125","Cádiz","Andalucía","125"
"06072026","0","","YAMAHA","NMAX 125","Málaga","Andalucía","125"
"06072026","0","","SUZUKI","BURGMAN 400","Alicante/Alacant","Comunidad Valenciana","400"
"06072026","0","","YAMAHA","MT-07","Alicante/Alacant","Comunidad Valenciana","689"
"06072026","0","","KYMCO","AGILITY S","Gipuzkoa","País Vasco","125"
"06072026","0","","KYMCO","SKYTOWN 125","Illes Balears","Illes Balears","125"
"06072026","0","","PIAGGIO","VESPA PRIMAVERA 125","Castellón/Castelló","Comunidad Valenciana","124"
"06072026","0","","SCORPA","CITY CORP 125","Pontevedra","Galicia","125"
"06072026","0","","YAMAHA","NMAX 125","Coruña (A)","Galicia","125"
"06072026","0","","KYMCO","SUPER DINK GT 125 E5+","Gipuzkoa","País Vasco","124"
"06072026","0","","HONDA","ADV 350","Palmas (Las)","Canarias","330"
"06072026","0","","YAMAHA","MT-09","Illes Balears","Illes Balears","890"
"06072026","0","","HONDA","VISION 110","Barcelona","Cataluña","109"
"06072026","0","","YAMAHA","R7","Barcelona","Cataluña","689"
"06072026","0","","YAMAHA","NMAX 125","Alicante/Alacant","Comunidad Valenciana","125"
"06072026","0","","KYMCO","AGILITY S","Barcelona","Cataluña","125"
"06072026","0","","YAMAHA","NMAX 125","Madrid","Comunidad de Madrid","125"
"06072026","0","","KYMCO","AGILITY S","Cádiz","Andalucía","125"
"06072026","0","","KYMCO","DTX","Asturias","Principado de Asturias","124"
"06072026","0","","YAMAHA","TMAX 560","Coruña (A)","Galicia","562"
"06072026","0","","TRIUMPH","BONNEVILLE T100","Barcelona","Cataluña","900"
"06072026","0","","ZONTES","ZT125-G1","Cantabria","Cantabria","125"
"06072026","0","","KAWASAKI","KLE500","Madrid","Comunidad de Madrid","451"
"06072026","0","","SYM","JOYMAX Z 300 E5+","Illes Balears","Illes Balears","278"
"06072026","0","","VOGE","DS525X","Madrid","Comunidad de Madrid","494"
"06072026","0","","VOGE","SR16","Málaga","Andalucía","125"
"06072026","0","","KYMCO","XCITING VS 400","Madrid","Comunidad de Madrid","400"
"06072026","0","","HONDA","SH125i","Barcelona","Cataluña","125"
"06072026","0","","HONDA","ADV 350","Barcelona","Cataluña","330"
"06072026","0","","HONDA","SH125i","Barcelona","Cataluña","125"
"06072026","0","","ZONTES","125M","Barcelona","Cataluña","125"
"06072026","0","","KYMCO","AGILITY S","Málaga","Andalucía","125"
"06072026","0","","HONDA","CB 500 F","Madrid","Comunidad de Madrid","471"
"06072026","0","","HARLEY-DAVIDSON","LOW RIDER ST","Santa Cruz de Tenerife","Canarias","1923"
"06072026","0","","VOGE","DS800X RALLY","Barcelona","Cataluña","798"
"06072026","0","","RIEJU","NKD 125","Soria","Castilla y León","124"
"06072026","0","","BENELLI","LEONCINO 250","Barcelona","Cataluña","249"
"06072026","0","","PIAGGIO","LIBERTY 125 ABS","Sevilla","Andalucía","124"
"06072026","0","","ZONTES","125X","Madrid","Comunidad de Madrid","125"
"06072026","0","","KYMCO","DTX","Almería","Andalucía","321"
"06072026","0","","KYMCO","DTX","Murcia","Región de Murcia","321"
"06072026","0","","HONDA","SH Mode 125","Illes Balears","Illes Balears","125"
"06072026","0","","YAMAHA","XMAX 300","Illes Balears","Illes Balears","292"
"06072026","0","","YAMAHA","NMAX 125","Málaga","Andalucía","125"
"06072026","0","","KYMCO","AGILITY S","Málaga","Andalucía","125"
"06072026","0","","MV AGUSTA","BRUTALE 1000 RS","Barcelona","Cataluña","998"
"06072026","0","","KAWASAKI","VERSYS 1100","Barcelona","Cataluña","1099"
"06072026","0","","PIAGGIO","LIBERTY 125 ABS","Cádiz","Andalucía","124"
"06072026","0","","ZONTES","125X","Sevilla","Andalucía","125"
"06072026","0","","VOGE","R125","Alicante/Alacant","Comunidad Valenciana","125"
"06072026","0","","ZONTES","368G","Barcelona","Cataluña","368"
"06072026","0","","YAMAHA","MT-125","Barcelona","Cataluña","125"
"06072026","0","","ZONTES","368E","Barcelona","Cataluña","368"
"06072026","0","","YAMAHA","NMAX 125","Valencia/València","Comunidad Valenciana","125"
"06072026","0","","HONDA","FORZA 750","Barcelona","Cataluña","745"
"06072026","0","","ZONTES","125X","Bizkaia","País Vasco","125"
"06072026","0","","KYMCO","XCITING VS 400","Madrid","Comunidad de Madrid","400"
"06072026","0","","ZONTES","368K","Badajoz","Extremadura","368"
"06072026","0","","YAMAHA","XMAX 300","Illes Balears","Illes Balears","292"
"06072026","0","","PIAGGIO","VESPA PRIMAVERA 125","Málaga","Andalucía","124"
"06072026","0","","YAMAHA","RayZR 125","Illes Balears","Illes Balears","125"
"06072026","0","","ZONTES","125X","Granada","Andalucía","125"
"06072026","0","","SYM","JET 14","Cádiz","Andalucía","125"
"06072026","0","","KAWASAKI","Z H2","Barcelona","Cataluña","998"
"06072026","0","","YAMAHA","NMAX 125","Barcelona","Cataluña","125"
"06072026","0","","MH MOTORCYCLES","TRAY","Huelva","Andalucía","125"
"06072026","0","","CFMOTO","450MT","Salamanca","Castilla y León","449"
"06072026","0","","ZONTES","125X","Málaga","Andalucía","125"
"06072026","0","","VOGE","DS800X RALLY","Asturias","Principado de Asturias","798"
"06072026","0","","YAMAHA","NMAX 125","Madrid","Comunidad de Madrid","125"
"06072026","0","","ZONTES","703RR","Granada","Andalucía","699"
"06072026","0","","ZONTES","703RR","Madrid","Comunidad de Madrid","699"
"06072026","0","","SYM","MAXSYM 400I GT","Madrid","Comunidad de Madrid","399"
"06072026","0","","SYM","SYMPHONY 125","Barcelona","Cataluña","125"
"06072026","0","","YAMAHA","NMAX 125","Barcelona","Cataluña","125"
"06072026","0","","PIAGGIO","VESPA GTV","Melilla","Melilla","310"
"06072026","0","","HONDA","FORZA125","Castellón/Castelló","Comunidad Valenciana","125"
"06072026","0","","KEEWAY","GEMMA","Cádiz","Andalucía","117"
"06072026","0","","SYM","SYMPHONY 125","Palmas (Las)","Canarias","125"
"06072026","0","","CFMOTO","1000MT-X","Girona","Cataluña","946"
"06072026","0","","YAMAHA","NMAX 125","Huelva","Andalucía","125"
"06072026","0","","ZONTES","125X","Madrid","Comunidad de Madrid","125"
"06072026","0","","YAMAHA","R7","Cádiz","Andalucía","689"
"06072026","0","","VOGE","SR1","Melilla","Melilla","125"
"06072026","0","","YAMAHA","XMAX 125","Sevilla","Andalucía","125"
"06072026","0","","VOGE","625DSX","Jaén","Andalucía","581"
"06072026","0","","HONDA","MSX125A","Palmas (Las)","Canarias","124"
"06072026","0","","HONDA","FORZA125","Madrid","Comunidad de Madrid","125"
"06072026","0","","HONDA","PCX 125","Bizkaia","País Vasco","125"
"06072026","0","","KYMCO","SKYTOWN 125","Girona","Cataluña","125"
"06072026","0","","VOGE","DS900X","Toledo","Castilla-La Mancha","895"
"06072026","0","","BENELLI","LEONCINO 800 TRAIL","Alicante/Alacant","Comunidad Valenciana","754"
"06072026","0","","HONDA","SH125i","Navarra","Comunidad Foral de Navarra","125"
"06072026","0","","APRILIA","SR GT 125","Illes Balears","Illes Balears","125"
"06072026","0","","SYM","SYMPHONY 125","Illes Balears","Illes Balears","125"
"06072026","0","","SYM","SYMPHONY 125","Girona","Cataluña","125"
"06072026","0","","SYM","ADX 125 LC TCS E5+","Barcelona","Cataluña","125"
"06072026","0","","BMW","R 1300 GS","Murcia","Región de Murcia","1300"
"06072026","0","","SYM","JET 14","Cantabria","Cantabria","125"
"06072026","0","","PIAGGIO","VESPA 946","Valencia/València","Comunidad Valenciana","124"
"06072026","0","","APRILIA","TUONO 125","Cádiz","Andalucía","124"
"06072026","0","","YAMAHA","Tracer 9 GT","Illes Balears","Illes Balears","890"
"06072026","0","","ZONTES","125X","Madrid","Comunidad de Madrid","125"
"06072026","0","","LETBE","HJ125T-5B","Cádiz","Andalucía","125"
"06072026","0","","MACBOR","SHIFTER 125 EVO","Madrid","Comunidad de Madrid","125"
"06072026","0","","QJMOTOR","FORT 125 N E5+","Alicante/Alacant","Comunidad Valenciana","125"
"06072026","0","","ZONTES","125X","Almería","Andalucía","125"
"06072026","0","","YAMAHA","NMAX 125","Cádiz","Andalucía","125"
"06072026","0","","YAMAHA","R7","Jaén","Andalucía","689"
"06072026","0","","BMW","F 900 XR","Guadalajara","Castilla-La Mancha","895"
"06072026","0","","ZONTES","ZT125-U1","Valencia/València","Comunidad Valenciana","125"
"06072026","0","","HONDA","ADV 750","Santa Cruz de Tenerife","Canarias","745"
"06072026","0","","ZONTES","125X","Cádiz","Andalucía","125"
"06072026","0","","ZONTES","125X","León","Castilla y León","125"
"06072026","0","","LAMBRETTA","V125 SPECIAL FLEX","Illes Balears","Illes Balears","125"
"06072026","0","","KYMCO","SUPER DINK GT 125 E5+","Cádiz","Andalucía","124"
"06072026","0","","ZONTES","125X","Gipuzkoa","País Vasco","125"
"06072026","0","","ZONTES","125X","Alicante/Alacant","Comunidad Valenciana","125"
"06072026","0","","HONDA","FORZA125","Barcelona","Cataluña","125"
"06072026","0","","MACBOR","ROCKSTER FLAT 125 EVO","Barcelona","Cataluña","125"
"06072026","0","","SYM","JET 14","Huelva","Andalucía","125"
"06072026","0","","HONDA","PCX 125","Málaga","Andalucía","125"
"06072026","0","","HONDA","SH Mode 125","Ceuta","Ceuta","125"
"06072026","0","","SYM","JET X","Alicante/Alacant","Comunidad Valenciana","125"
"06072026","0","","CFMOTO","1000MT-X","Zaragoza","Aragón","946"
"06072026","0","","MORBIDELLI","SC 125","Valencia/València","Comunidad Valenciana","125"
"06072026","0","","VOGE","625DSX","Málaga","Andalucía","581"
"06072026","0","","ZONTES","125X","Illes Balears","Illes Balears","125"
"06072026","0","","KAWASAKI","NINJA 500","Madrid","Comunidad de Madrid","451"
"06072026","0","","ZONTES","125X","Alicante/Alacant","Comunidad Valenciana","125"
"06072026","0","","PIAGGIO","VESPA PRIMAVERA 125","Madrid","Comunidad de Madrid","124"
"06072026","0","","ZONTES","703RR","Coruña (A)","Galicia","699"
"06072026","0","","SYM","SYMPHONY 125","Barcelona","Cataluña","125"
"06072026","0","","HONDA","PCX 125","Madrid","Comunidad de Madrid","125"
"06072026","0","","HONDA","PCX 125","Málaga","Andalucía","125"
"06072026","0","","BENDA","NAPOLEON 500","Valencia/València","Comunidad Valenciana","476"
"06072026","0","","HONDA","PCX 125","Santa Cruz de Tenerife","Canarias","125"
"06072026","0","","ZONTES","125X","Sevilla","Andalucía","125"
"06072026","0","","KTM","KTM 1390 SUPER ADVENTU","Málaga","Andalucía","1350"
"06072026","0","","HONDA","PCX 125","Cádiz","Andalucía","125"
"06072026","0","","DUCATI","STREETFIGHTER","Valencia/València","Comunidad Valenciana","890"
"06072026","0","","TRIUMPH","ROCKET 3 STORM GT","Zaragoza","Aragón","2458"
"06072026","0","","ZONTES","368G","Gipuzkoa","País Vasco","368"
"06072026","0","","SUZUKI","GSX-S 1000","Valencia/València","Comunidad Valenciana","999"
"06072026","0","","ZONTES","125E","Pontevedra","Galicia","125"
"06072026","0","","HONDA","CMX1100","Alicante/Alacant","Comunidad Valenciana","1084"
"06072026","0","","YAMAHA","NMAX 125","Badajoz","Extremadura","125"
"06072026","0","","ZONTES","368G","Barcelona","Cataluña","368"
"06072026","0","","SYM","JOYMAX Z 300 E5+","Santa Cruz de Tenerife","Canarias","278"
"06072026","0","","PIAGGIO","VESPA PRIMAVERA 125","Madrid","Comunidad de Madrid","124"
"06072026","0","","YAMAHA","TMAX 560","Sevilla","Andalucía","562"
"06072026","0","","TRIUMPH","SPEED TWIN 900","Barcelona","Cataluña","900"
"06072026","0","","KTM","KTM 390 ADVENTURE X","Barcelona","Cataluña","399"
"06072026","0","","BMW","R 1300 GS","Álava/Araba","País Vasco","1300"
"06072026","0","","ZONTES","125X","Barcelona","Cataluña","125"
"06072026","0","","KYMCO","AGILITY S","Lleida","Cataluña","125"
"06072026","0","","KOVE","KOVE 800 X PRO 2026","Barcelona","Cataluña","799"
"06072026","0","","YAMAHA","NMAX 125","Madrid","Comunidad de Madrid","125"
"06072026","0","","KEEWAY","RKS 125","Bizkaia","País Vasco","124"
"06072026","0","","ZONTES","ZT125-G1","Madrid","Comunidad de Madrid","125"
"06072026","0","","HONDA","PCX 125","Murcia","Región de Murcia","125"
"06072026","0","","YAMAHA","XMAX 300","Madrid","Comunidad de Madrid","292"
"06072026","0","","YAMAHA","NMAX 125","Valencia/València","Comunidad Valenciana","125"
"06072026","0","","PEUGEOT","PULSION EVO","Asturias","Principado de Asturias","125"
"06072026","0","","YAMAHA","MT-125","Illes Balears","Illes Balears","125"
"06072026","0","","ZONTES","368G","Burgos","Castilla y León","368"
"06072026","0","","SYM","ADXTG 400","Girona","Cataluña","399"
"06072026","0","","SYM","JET 14","Valencia/València","Comunidad Valenciana","125"
"06072026","0","","SYM","SYMPHONY 125","Illes Balears","Illes Balears","125"
"06072026","0","","ZONTES","368G","Valencia/València","Comunidad Valenciana","368"
"06072026","0","","HONDA","NC 750 X","Murcia","Región de Murcia","745"
"06072026","0","","CYCLONE","RT2","Asturias","Principado de Asturias","289"
"06072026","0","","TRIUMPH","SCRAMBLER 400 XC","Zaragoza","Aragón","398"
"06072026","0","","SYM","SYMPHONY 125","Barcelona","Cataluña","125"
"06072026","0","","KAWASAKI","NINJA 650","Madrid","Comunidad de Madrid","649"
"06072026","0","","SYM","SYMPHONY 125","Barcelona","Cataluña","125"
"06072026","0","","YAMAHA","YZF-R9","Barcelona","Cataluña","890"
"06072026","0","","VOGE","SR16","Castellón/Castelló","Comunidad Valenciana","125"
"06072026","0","","HONDA","VISION 110","Lleida","Cataluña","109"
"06072026","0","","SUZUKI","BURGMAN 400","Tarragona","Cataluña","400"
"06072026","0","","HONDA","FORZA125","Castellón/Castelló","Comunidad Valenciana","125"
"06072026","0","","VOGE","SR1ADV","Gipuzkoa","País Vasco","125"
"06072026","0","","ZONTES","125X","Granada","Andalucía","125"
"06072026","0","","YAMAHA","TRACER 700","Castellón/Castelló","Comunidad Valenciana","689"
"06072026","0","","YAMAHA","NMAX 125","Cádiz","Andalucía","125"
"06072026","0","","HONDA","VISION 110","Girona","Cataluña","109"
"06072026","0","","ZONTES","368G","Granada","Andalucía","368"
"06072026","0","","BENELLI","BN125","Málaga","Andalucía","125"
"06072026","0","","VOGE","625DSX","Córdoba","Andalucía","581"
"06072026","0","","HONDA","SH125i","Málaga","Andalucía","125"
"06072026","0","","YAMAHA","XTZ 700 Tenere","Alicante/Alacant","Comunidad Valenciana","689"
"06072026","0","","HONDA","Z125MA","Cádiz","Andalucía","124"
"06072026","0","","RIEJU","N/A","Barcelona","Cataluña","297"
"06072026","0","","VOGE","SR16","Madrid","Comunidad de Madrid","125"
"06072026","0","","HONDA","ADV 350","Palmas (Las)","Canarias","330"
"06072026","0","","YAMAHA","NMAX 125","Madrid","Comunidad de Madrid","125"
"06072026","0","","RIEJU","RALLY 307","Cantabria","Cantabria","292"
"06072026","0","","BETA","N/A","Granada","Andalucía","293"
"06072026","0","","BMW","S 1000 RR","Santa Cruz de Tenerife","Canarias","999"
"06072026","0","","ZONTES","368G","Cantabria","Cantabria","368"
"06072026","0","","ZONTES","368G","Madrid","Comunidad de Madrid","368"
"06072026","0","","KEEWAY","RKS 125","Valencia/València","Comunidad Valenciana","124"
"06072026","0","","YAMAHA","NMAX 125","Barcelona","Cataluña","125"
"06072026","0","","HONDA","GB350S","Murcia","Región de Murcia","348"
"06072026","0","","BAJAJ","PULSAR NS 125","Madrid","Comunidad de Madrid","124"
"06072026","0","","HONDA","PCX 125","Málaga","Andalucía","125"
"06072026","0","","YAMAHA","MT-125","Gipuzkoa","País Vasco","125"
"06072026","0","","APRILIA","SR GT 125","Alicante/Alacant","Comunidad Valenciana","125"
"06072026","0","","PIAGGIO","LIBERTY 125 ABS","Palmas (Las)","Canarias","124"
"06072026","0","","YAMAHA","RayZR 125","Cádiz","Andalucía","125"
"06072026","0","","QJMOTOR","LTR 125 E5+","Illes Balears","Illes Balears","125"
"06072026","0","","KAWASAKI","Z900","Alicante/Alacant","Comunidad Valenciana","948"
"06072026","0","","ZONTES","368E","Lleida","Cataluña","368"
"06072026","0","","YAMAHA","XTZ 700 Tenere","Alicante/Alacant","Comunidad Valenciana","689"
"06072026","0","","ZONTES","703RR","Valladolid","Castilla y León","699"
"06072026","0","","YAMAHA","Tracer 9 GT","Barcelona","Cataluña","890"
"06072026","0","","KAWASAKI","NINJA 650","Barcelona","Cataluña","649"
"06072026","0","","VOGE","625DSX","León","Castilla y León","581"
"06072026","0","","YAMAHA","TRICITY 125","Barcelona","Cataluña","125"
"06072026","0","","ZONTES","368G","Cádiz","Andalucía","368"
"06072026","0","","CFMOTO","1000MT-X","Almería","Andalucía","946"
"06072026","0","","SYM","SYMPHONY 125","Málaga","Andalucía","125"
"06072026","0","","LAMBRETTA","V125 SPECIAL FLEX","Illes Balears","Illes Balears","125"
"06072026","0","","SYM","SYMPHONY 125","Barcelona","Cataluña","125"
"06072026","0","","KTM","KTM 390 ADVENTURE X","Barcelona","Cataluña","399"
"06072026","0","","QJMOTOR","FORT 125 N E5+","Cádiz","Andalucía","125"
"06072026","0","","KEEWAY","ICON 125 S","Huelva","Andalucía","124"
"06072026","0","","VOGE","DS525X","Córdoba","Andalucía","494"
"06072026","0","","SUZUKI","BURGMAN 400","Alicante/Alacant","Comunidad Valenciana","400"
"06072026","0","","HONDA","ADV 350","Barcelona","Cataluña","330"
"06072026","0","","SYM","FUGUE 125 ABS TOP CASE","Murcia","Región de Murcia","124"
"06072026","0","","ZONTES","368G","Madrid","Comunidad de Madrid","368"
"06072026","0","","HONDA","SH350i","Barcelona","Cataluña","330"
"06072026","0","","QJMOTOR","LTR 125 E5+","Álava/Araba","País Vasco","125"
"06072026","0","","ZONTES","125X","Córdoba","Andalucía","125"
"06072026","0","","HONDA","FORZA125","Madrid","Comunidad de Madrid","125"
"06072026","0","","SYM","JET 14","Illes Balears","Illes Balears","125"
"06072026","0","","MITT","125 DESERT","Ciudad Real","Castilla-La Mancha","125"
"06072026","0","","HONDA","PCX 125","Albacete","Castilla-La Mancha","125"
"06072026","0","","TRIUMPH","SPEED TWIN 900","Illes Balears","Illes Balears","900"
"06072026","0","","YAMAHA","MT-07","Madrid","Comunidad de Madrid","689"
"06072026","0","","MH MOTORCYCLES","VR10","Santa Cruz de Tenerife","Canarias","124"
"06072026","0","","ZONTES","368G","Barcelona","Cataluña","368"
"06072026","0","","ZONTES","125X","Albacete","Castilla-La Mancha","125"
"06072026","0","","ZONTES","368G","Valencia/València","Comunidad Valenciana","368"
"06072026","0","","YAMAHA","NMAX 125","Madrid","Comunidad de Madrid","125"
"06072026","0","","SUZUKI","GSX-8S","Rioja (La)","La Rioja","776"
"06072026","0","","YAMAHA","R125","Sevilla","Andalucía","125"
"06072026","0","","ZONTES","125X","Alicante/Alacant","Comunidad Valenciana","125"
"06072026","0","","KYMCO","PEOPLE S 125 E5+","Madrid","Comunidad de Madrid","125"
"06072026","0","","HONDA","ADV 350","Illes Balears","Illes Balears","330"
"06072026","0","","HONDA","ADV 750","Málaga","Andalucía","745"
"06072026","0","","ZONTES","125X","Granada","Andalucía","125"
"06072026","0","","HONDA","Rebel 500","Bizkaia","País Vasco","471"
"06072026","0","","ZONTES","125X","Valencia/València","Comunidad Valenciana","125"
"06072026","0","","HONDA","FORZA125","Almería","Andalucía","125"
"06072026","0","","KYMCO","DTX","Barcelona","Cataluña","321"
"06072026","0","","YAMAHA","MT-125","Sevilla","Andalucía","125"
"06072026","0","","ZONTES","ZT125-U1","Barcelona","Cataluña","125"
"06072026","0","","ZONTES","125X","Valencia/València","Comunidad Valenciana","125"
"06072026","0","","APRILIA","RS 660","Málaga","Andalucía","659"
"06072026","0","","KOVE","KOVE 800 X GT","Barcelona","Cataluña","799"
"06072026","0","","PEUGEOT","PM-03","Pontevedra","Galicia","292"
"06072026","0","","YAMAHA","RayZR 125","Málaga","Andalucía","125"
"06072026","0","","ZONTES","125X","Cádiz","Andalucía","125"
"06072026","0","","SYM","JET X","Tarragona","Cataluña","125"
"06072026","0","","KOVE","KOVE 800 X PRO 2026","Illes Balears","Illes Balears","799"
"06072026","0","","KEEWAY","V-CRUISE","Alicante/Alacant","Comunidad Valenciana","125"
"06072026","0","","QJMOTOR","FORT 125 N E5+","Madrid","Comunidad de Madrid","125"
"06072026","0","","BMW","R 1300 GS ADVENTURE","Madrid","Comunidad de Madrid","1300"
"06072026","0","","BSA","BANTAM","Barcelona","Cataluña","334"
"06072026","0","","YAMAHA","NMAX 125","Murcia","Región de Murcia","125"
"06072026","0","","HONDA","SH125i","Málaga","Andalucía","125"
"06072026","0","","ZONTES","125X","Madrid","Comunidad de Madrid","125"
"06072026","0","","KYMCO","SKYTOWN 125","Valladolid","Castilla y León","125"
"06072026","0","","SYM","SYMPHONY 125","Rioja (La)","La Rioja","125"
"06072026","0","","VOGE","625DSX","Palmas (Las)","Canarias","581"
"06072026","0","","ZONTES","ZT125-U1","Granada","Andalucía","125"
"06072026","0","","HONDA","ADV 350","Málaga","Andalucía","330"
"06072026","0","","CFMOTO","800MT-X","Burgos","Castilla y León","799"
"06072026","0","","YAMAHA","NMAX 125","Barcelona","Cataluña","125"
"06072026","0","","YAMAHA","RayZR 125","Sevilla","Andalucía","125"
"06072026","0","","HONDA","SH125i","Jaén","Andalucía","125"
"06072026","0","","YAMAHA","NMAX 125","Alicante/Alacant","Comunidad Valenciana","125"
"06072026","0","","PEUGEOT","KISBEE M","Madrid","Comunidad de Madrid","125"
"06072026","0","","HONDA","FORZA125","Cádiz","Andalucía","125"
"06072026","0","","KEEWAY","VERSILIA 125","Coruña (A)","Galicia","125"
"06072026","0","","HONDA","ADV 750","Barcelona","Cataluña","745"
"06072026","0","","KAWASAKI","NINJA 125","Pontevedra","Galicia","125"
"06072026","0","","APRILIA","SR GT 400","Cádiz","Andalucía","399"
"06072026","0","","ZONTES","125X","Valencia/València","Comunidad Valenciana","125"
"06072026","0","","QJMOTOR","ATR 125 E5+","Gipuzkoa","País Vasco","125"
"06072026","0","","SYM","ADXTG 400","Valencia/València","Comunidad Valenciana","399"
"06072026","0","","QJMOTOR","SRV 125 E5+","Cádiz","Andalucía","125"
"06072026","0","","ZONTES","125X","Alicante/Alacant","Comunidad Valenciana","125"
"06072026","0","","YAMAHA","NMAX 125","Santa Cruz de Tenerife","Canarias","125"
"06072026","0","","YAMAHA","NMAX 125","Pontevedra","Galicia","125"
"06072026","0","","HONDA","SH Mode 125","Granada","Andalucía","125"
"06072026","0","","DUCATI","MONSTER DUCATI RED LIM","Valencia/València","Comunidad Valenciana","890"
"06072026","0","","SUZUKI","GSX-8S","Barcelona","Cataluña","776"
"06072026","0","","HONDA","PCX 125","Córdoba","Andalucía","125"
"06072026","0","","PIAGGIO","MEDLEY 125","Illes Balears","Illes Balears","125"
"06072026","0","","YAMAHA","RayZR 125","Alicante/Alacant","Comunidad Valenciana","125"
"06072026","0","","ZONTES","368E","Toledo","Castilla-La Mancha","368"
"06072026","0","","LETBE","S125","Coruña (A)","Galicia","125"
"06072026","0","","MITT","125 NK","Lleida","Cataluña","124"
"06072026","0","","KTM","KTM 890 ADVENTURE","Pontevedra","Galicia","889"
"06072026","0","","YAMAHA","NMAX 125","Coruña (A)","Galicia","125"
"06072026","0","","SYM","JET 14","Madrid","Comunidad de Madrid","125"
"06072026","0","","CYCLONE","LS-Z","Córdoba","Andalucía","124"
"06072026","0","","YAMAHA","NMAX 125","Málaga","Andalucía","125"
"06072026","0","","KYMCO","XCITING VS 400","Madrid","Comunidad de Madrid","400"
"06072026","0","","SYM","SYMPHONY 125","Málaga","Andalucía","125"
"06072026","0","","YAMAHA","NMAX 125","Málaga","Andalucía","125"
"06072026","0","","YAMAHA","NMAX 125","Granada","Andalucía","125"
"06072026","0","","APRILIA","SR GT 400","Valencia/València","Comunidad Valenciana","399"
"06072026","0","","SYM","JET 14","Málaga","Andalucía","125"
"06072026","0","","YAMAHA","NMAX 125","Illes Balears","Illes Balears","125"
"06072026","0","","BAJAJ","PULSAR NS 400 Z","Murcia","Región de Murcia","373"
"06072026","0","","ZONTES","368G","Barcelona","Cataluña","368"
"06072026","0","","VOGE","SR16","Córdoba","Andalucía","125"
"06072026","0","","BMW","F 900 XR","Alicante/Alacant","Comunidad Valenciana","895"
"06072026","0","","VOGE","DS900X","Madrid","Comunidad de Madrid","895"
"06072026","0","","KAWASAKI","Z650","Barcelona","Cataluña","649"
"06072026","0","","KYMCO","AGILITY S","Jaén","Andalucía","125"
"06072026","0","","KYMCO","SKYTOWN 125","Sevilla","Andalucía","125"
"06072026","0","","BMW","R 1300 GS ADVENTURE","Albacete","Castilla-La Mancha","1300"
"06072026","0","","YAMAHA","NMAX 125","Granada","Andalucía","125"
"06072026","0","","HONDA","FORZA125","Alicante/Alacant","Comunidad Valenciana","125"
"06072026","0","","HONDA","ADV 350","Barcelona","Cataluña","330"
"06072026","0","","ZONTES","125X","Illes Balears","Illes Balears","125"
"06072026","0","","ZONTES","368M","Valencia/València","Comunidad Valenciana","368"
"06072026","0","","ZONTES","703RR","Asturias","Principado de Asturias","699"
"06072026","0","","KAWASAKI","Z500","Cuenca","Castilla-La Mancha","451"
"06072026","0","","HONDA","FORZA125","Huelva","Andalucía","125"
"06072026","0","","VOGE","DS800X RALLY","Sevilla","Andalucía","798"
"06072026","0","","HONDA","SH350i","Barcelona","Cataluña","330"
"06072026","0","","YAMAHA","R125","Alicante/Alacant","Comunidad Valenciana","125"
"06072026","0","","LAMBRETTA","V125 SPECIAL FLEX","Burgos","Castilla y León","125"
"06072026","0","","KAWASAKI","NINJA 7 HYBRID","Madrid","Comunidad de Madrid","451"
"06072026","0","","ZONTES","ZT125-G1","Madrid","Comunidad de Madrid","125"
"06072026","0","","PIAGGIO","LIBERTY 125 ABS","Cádiz","Andalucía","124"
"06072026","0","","PEUGEOT","DJANGO","Murcia","Región de Murcia","125"
"06072026","0","","SYM","SYMPHONY 125","Barcelona","Cataluña","125"
"06072026","0","","SYM","JET X","Barcelona","Cataluña","125"
"06072026","0","","DUCATI","HYPERMOTARD V2","Madrid","Comunidad de Madrid","890"
"06072026","0","","HONDA","ADV 350","Barcelona","Cataluña","330"
"06072026","0","","VOGE","SR1","Barcelona","Cataluña","125"
"06072026","0","","ZONTES","125X","Granada","Andalucía","125"
"06072026","0","","TRIUMPH","SCRAMBLER 1200 XE","Málaga","Andalucía","1200"
"06072026","0","","YAMAHA","R7","Madrid","Comunidad de Madrid","689"
"06072026","0","","ZONTES","125X","Madrid","Comunidad de Madrid","125"
"06072026","0","","APRILIA","RS 457","Murcia","Región de Murcia","457"
"06072026","0","","BENDA","NAPOLEON 125","Málaga","Andalucía","125"
"06072026","0","","ZONTES","125X","Palmas (Las)","Canarias","125"
"06072026","0","","KAWASAKI","NINJA 7 HYBRID","Castellón/Castelló","Comunidad Valenciana","451"
"06072026","0","","KYMCO","XCITING VS 400","Cádiz","Andalucía","400"
"06072026","0","","VOGE","R125","Valencia/València","Comunidad Valenciana","125"
"06072026","0","","SYM","SYMPHONY 125","Córdoba","Andalucía","125"
"06072026","0","","YAMAHA","XMAX 125","Cádiz","Andalucía","125"
"06072026","0","","FANTIC MOTOR","---","Málaga","Andalucía","689"
"06072026","0","","ZONTES","368G","Castellón/Castelló","Comunidad Valenciana","368"
"06072026","0","","VOGE","SR3","Alicante/Alacant","Comunidad Valenciana","244"
"06072026","0","","VOGE","DS900X","Madrid","Comunidad de Madrid","895"
"06072026","0","","MOTO MORINI","X-CAPE 700","Tarragona","Cataluña","693"
"06072026","0","","MACBOR","MONTANA XR1 125 EVO","Murcia","Región de Murcia","124"
"06072026","0","","KYMCO","AGILITY S","Cádiz","Andalucía","125"
"06072026","0","","MACBOR","EIGHT MILE 125 LC","Málaga","Andalucía","124"
"06072026","0","","HONDA","GB350S","Barcelona","Cataluña","348"
"06072026","0","","KYMCO","DTX","Gipuzkoa","País Vasco","124"
"06072026","0","","YAMAHA","XMAX 300","Lugo","Galicia","292"
"06072026","0","","YAMAHA","XMAX 125","Coruña (A)","Galicia","125"
"06072026","0","","SYM","JET 14","Málaga","Andalucía","125"
"06072026","0","","SYM","SYMPHONY 125","Cantabria","Cantabria","125"
"06072026","0","","KYMCO","DTX","Castellón/Castelló","Comunidad Valenciana","321"
"06072026","0","","VOGE","SR16","Madrid","Comunidad de Madrid","125"
"06072026","0","","PEUGEOT","KISBEE M","Murcia","Región de Murcia","125"
"06072026","0","","YAMAHA","WR125","Cádiz","Andalucía","125"
"06072026","0","","VOGE","DS800X RALLY","Barcelona","Cataluña","798"
"06072026","0","","KAWASAKI","ELIMINATOR","Valencia/València","Comunidad Valenciana","451"
"06072026","0","","PEUGEOT","DJANGO","Asturias","Principado de Asturias","125"
"06072026","0","","HONDA","SH125i","Barcelona","Cataluña","125"
"06072026","0","","ZONTES","125X","Sevilla","Andalucía","125"
"06072026","0","","PIAGGIO","VESPA PRIMAVERA 125","Cádiz","Andalucía","124"
"06072026","0","","YAMAHA","TRACER 700","Madrid","Comunidad de Madrid","689"
"06072026","0","","YAMAHA","XMAX 125","Madrid","Comunidad de Madrid","125"
"06072026","0","","ZONTES","125E","Granada","Andalucía","125"
"06072026","0","","YAMAHA","XMAX 125","Barcelona","Cataluña","125"
"06072026","0","","KEEWAY","ICON 125 S","Girona","Cataluña","124"
"06072026","0","","CFMOTO","1000MT-X","Almería","Andalucía","946"
"06072026","0","","KAWASAKI","VERSYS 1100","Barcelona","Cataluña","1099"
"06072026","0","","MH MOTORCYCLES","VRS","Barcelona","Cataluña","124"
"06072026","0","","PIAGGIO","LIBERTY 125 ABS","Bizkaia","País Vasco","124"
"06072026","0","","ZONTES","125C","Jaén","Andalucía","125"
"06072026","0","","QJMOTOR","ATR 125 E5+","Palmas (Las)","Canarias","125"
"06072026","0","","HONDA","VISION 110","Málaga","Andalucía","109"
"06072026","0","","HONDA","SH125i","Málaga","Andalucía","125"
"06072026","0","","KYMCO","AGILITY S","Asturias","Principado de Asturias","125"
"06072026","0","","SYM","SYMPHONY 125","Gipuzkoa","País Vasco","125"
"06072026","0","","SYM","JET 14","Alicante/Alacant","Comunidad Valenciana","125"
"06072026","0","","SYM","SYMPHONY 125","Murcia","Región de Murcia","125"
"06072026","0","","RIEJU","NOT APPLICABLE","Huesca","Aragón","124"
"06072026","0","","KEEWAY","XDV 125 EVO PRO","Málaga","Andalucía","125"
"06072026","0","","KYMCO","SUPER DINK GT 125 E5+","Barcelona","Cataluña","124"
"06072026","0","","YAMAHA","XMAX 125","Bizkaia","País Vasco","125"
"06072026","0","","HONDA","CB650RA","Zaragoza","Aragón","649"
"06072026","0","","PIAGGIO","VESPA PRIMAVERA 125","Cuenca","Castilla-La Mancha","124"
"06072026","0","","SYM","JET 14","Girona","Cataluña","125"
"06072026","0","","QJMOTOR","SQ 16 E5+","Huelva","Andalucía","125"
"06072026","0","","ZONTES","125X","Barcelona","Cataluña","125"
"06072026","0","","RIEJU","RALLY 307","Barcelona","Cataluña","292"
"06072026","0","","YAMAHA","MT-07","Coruña (A)","Galicia","689"
"06072026","0","","KYMCO","SUPER DINK GT 125 E5+","Zaragoza","Aragón","124"
"06072026","0","","VOGE","625DSX","Badajoz","Extremadura","581"
"06072026","0","","KYMCO","AGILITY S","Madrid","Comunidad de Madrid","125"
"06072026","0","","ZONTES","125E","Tarragona","Cataluña","125"
"06072026","0","","SYM","SYMPHONY 125","Málaga","Andalucía","125"
"06072026","0","","ZONTES","368G","Zaragoza","Aragón","368"
"06072026","0","","SUZUKI","GSX-8S","Valencia/València","Comunidad Valenciana","776"
"06072026","0","","SUZUKI","GSX-S 1000","Valencia/València","Comunidad Valenciana","999"
"06072026","0","","HONDA","PCX 125","Gipuzkoa","País Vasco","125"
"06072026","0","","PEUGEOT","DJANGO","Pontevedra","Galicia","125"
"06072026","0","","ZONTES","368G","Cádiz","Andalucía","368"
"06072026","0","","SYM","JET 14","Córdoba","Andalucía","125"
"06072026","0","","KEEWAY","VERSILIA 125","Salamanca","Castilla y León","125"
"06072026","0","","QJMOTOR","ATR 125 E5+","Pontevedra","Galicia","125"
"06072026","0","","ZONTES","368E","Salamanca","Castilla y León","368"
"06072026","0","","SYM","JET X","Illes Balears","Illes Balears","125"
"06072026","0","","SYM","JET X","Málaga","Andalucía","125"
"06072026","0","","VOGE","SR1","Cáceres","Extremadura","125"
"06072026","0","","ZONTES","368G","Asturias","Principado de Asturias","368"
"06072026","0","","ZONTES","125X","Madrid","Comunidad de Madrid","125"
"06072026","0","","HONDA","PCX 125","Granada","Andalucía","125"
"06072026","0","","YAMAHA","NMAX 125","Barcelona","Cataluña","125"
"06072026","0","","SYM","JET X","Alicante/Alacant","Comunidad Valenciana","125"
"06072026","0","","KAWASAKI","Z900","Madrid","Comunidad de Madrid","948"
"06072026","0","","VOGE","DS800X RALLY","Coruña (A)","Galicia","798"
"06072026","0","","KYMCO","SUPER DINK GT 125 E5+","Cádiz","Andalucía","124"
"06072026","0","","APRILIA","RX 125","Coruña (A)","Galicia","124"
"06072026","0","","CFMOTO","450MT","Huelva","Andalucía","449"
"06072026","0","","KOVE","KOVE 800 X GT","Navarra","Comunidad Foral de Navarra","799"
"06072026","0","","KEEWAY","XDV 125 EVO PRO","Santa Cruz de Tenerife","Canarias","125"
"06072026","0","","CFMOTO","DUAL250","Jaén","Andalucía","249"
"06072026","0","","LETBE","ISLAND","Illes Balears","Illes Balears","125"
"06072026","0","","YAMAHA","TMAX 560","Barcelona","Cataluña","562"
"06072026","0","","HONDA","VISION 110","Córdoba","Andalucía","109"
"06072026","0","","KYMCO","DTX","Cádiz","Andalucía","321"
"06072026","0","","KYMCO","AGILITY S","Málaga","Andalucía","125"
"06072026","0","","RIEJU","N/A","Zamora","Castilla y León","125"
"06072026","0","","YAMAHA","XTZ 700 Tenere","Valencia/València","Comunidad Valenciana","689"
"06072026","0","","ZONTES","368G","Pontevedra","Galicia","368"
"06072026","0","","ZONTES","368D","Granada","Andalucía","368"
"06072026","0","","SYM","CRUISYM 125 TCS E5+","Burgos","Castilla y León","124"
"06072026","0","","SYM","SYMPHONY 125","Illes Balears","Illes Balears","125"
"06072026","0","","SYM","SYMPHONY 125","Barcelona","Cataluña","125"
"06072026","0","","SYM","SYMPHONY 125","Barcelona","Cataluña","125"
"06072026","0","","BENELLI","BN125","Santa Cruz de Tenerife","Canarias","125"
"06072026","0","","SYM","SYMPHONY 125","Córdoba","Andalucía","125"
"06072026","0","","HONDA","PCX 125","Cádiz","Andalucía","125"
"06072026","0","","MOTO GUZZI","V85 TT TRAVEL","Cádiz","Andalucía","853"
"06072026","0","","HONDA","SH125i","Illes Balears","Illes Balears","125"
"06072026","0","","HONDA","FORZA125","Barcelona","Cataluña","125"
"06072026","0","","YAMAHA","XTZ 700 Tenere","Almería","Andalucía","689"
"06072026","0","","PIAGGIO","VESPA PRIMAVERA 125","Cádiz","Andalucía","124"
"06072026","0","","ZONTES","ZT125-U1","Valencia/València","Comunidad Valenciana","125"
"06072026","0","","ZONTES","125X","Gipuzkoa","País Vasco","125"
"06072026","0","","YAMAHA","TRICITY 125","Barcelona","Cataluña","125"
"06072026","0","","ZONTES","125X","Madrid","Comunidad de Madrid","125"
"06072026","0","","MOTO MORINI","X-CAPE 1200","Málaga","Andalucía","1187"
"06072026","0","","KAWASAKI","VERSYS 650","Girona","Cataluña","649"
"06072026","0","","HONDA","PCX 125","Barcelona","Cataluña","125"
"06072026","0","","MH MOTORCYCLES","VR10","Alicante/Alacant","Comunidad Valenciana","124"
"06072026","0","","HONDA","SH125i","Málaga","Andalucía","125"
"06072026","0","","PEUGEOT","KISBEE M","Valencia/València","Comunidad Valenciana","125"
"06072026","0","","ZONTES","125X","Gipuzkoa","País Vasco","125"
"06072026","0","","YAMAHA","XMAX 125","Barcelona","Cataluña","125"
"06072026","0","","MACBOR","ROCKSTER 125 EVO E5+","Barcelona","Cataluña","125"
"06072026","0","","HONDA","PCX 125","Córdoba","Andalucía","125"
"06072026","0","","ZONTES","368G","Madrid","Comunidad de Madrid","368"
"06072026","0","","PIAGGIO","LIBERTY 125 ABS","Cádiz","Andalucía","124"
"06072026","0","","PIAGGIO","MEDLEY 125","Málaga","Andalucía","125"
"06072026","0","","SYM","JET 14","Girona","Cataluña","125"
"06072026","0","","SYM","JET X","Sevilla","Andalucía","125"
"06072026","0","","SYM","JET 14","Pontevedra","Galicia","125"
"06072026","0","","KYMCO","XCITING VS 400","Madrid","Comunidad de Madrid","400"
"06072026","0","","YAMAHA","XMAX 125","Valencia/València","Comunidad Valenciana","125"
"06072026","0","","SYM","SYMPHONY 125","Barcelona","Cataluña","125"
"06072026","0","","HONDA","FORZA 350","Barcelona","Cataluña","330"
"06072026","0","","YAMAHA","MT-09","Barcelona","Cataluña","890"
"06072026","0","","PIAGGIO","MEDLEY 125","Córdoba","Andalucía","125"
"06072026","0","","ZONTES","368G","Girona","Cataluña","368"
"06072026","0","","YAMAHA","XTZ 700 Tenere","Sevilla","Andalucía","689"
"06072026","0","","HONDA","PCX 125","Almería","Andalucía","125"
"06072026","0","","PIAGGIO","LIBERTY 125 ABS","Barcelona","Cataluña","124"
"06072026","0","","VOGE","DS525X","Cádiz","Andalucía","494"
"06072026","0","","VOGE","SR1ADV","Jaén","Andalucía","125"
"06072026","0","","CFMOTO","1000MT-X","Bizkaia","País Vasco","946"
"06072026","0","","QJMOTOR","ATR 125 E5+","Santa Cruz de Tenerife","Canarias","125"
"06072026","0","","KAWASAKI","Z900RS","León","Castilla y León","948"
"06072026","0","","YAMAHA","XMAX 125","Coruña (A)","Galicia","125"
"06072026","0","","KAWASAKI","NINJA 125","Girona","Cataluña","125"
"06072026","0","","YAMAHA","RayZR 125","Almería","Andalucía","125"
"06072026","0","","HONDA","PCX 125","Córdoba","Andalucía","125"
"06072026","0","","SYM","SYMPHONY 125","Madrid","Comunidad de Madrid","125"
"06072026","0","","HONDA","PCX 125","Zaragoza","Aragón","125"
"06072026","0","","PIAGGIO","VESPA GTS","Pontevedra","Galicia","310"
"06072026","0","","HUSQVARNA","HUSQVARNA 701 SUPERMOT","Castellón/Castelló","Comunidad Valenciana","693"
"06072026","0","","KYMCO","PEOPLE S 125 E5+","Murcia","Región de Murcia","125"
"06072026","0","","ZONTES","125X","Alicante/Alacant","Comunidad Valenciana","125"
"06072026","0","","HONDA","CB750 Hornet","Barcelona","Cataluña","755"
"06072026","0","","ZONTES","125X","Madrid","Comunidad de Madrid","125"
"06072026","0","","ZONTES","368E","Madrid","Comunidad de Madrid","368"
"06072026","0","","YAMAHA","XSR-900","Asturias","Principado de Asturias","890"
"06072026","0","","VOGE","SR16","Cantabria","Cantabria","125"
"06072026","0","","YAMAHA","TMAX 560","Barcelona","Cataluña","562"
"06072026","0","","YAMAHA","XMAX 125","Valencia/València","Comunidad Valenciana","125"
"06072026","0","","VOGE","625DSX","Barcelona","Cataluña","581"
"06072026","0","","HONDA","PCX 125","Santa Cruz de Tenerife","Canarias","125"
"06072026","0","","HONDA","SH125i","Barcelona","Cataluña","125"
"06072026","0","","ZONTES","125X","Málaga","Andalucía","125"
"06072026","0","","ZONTES","368M","Barcelona","Cataluña","368"
"06072026","0","","BENDA","LFC700","Sevilla","Andalucía","680"
"06072026","0","","VOGE","SR3","Illes Balears","Illes Balears","244"
"06072026","0","","YAMAHA","NMAX 125","Madrid","Comunidad de Madrid","125"
"06072026","0","","APRILIA","SR GT 125","Castellón/Castelló","Comunidad Valenciana","125"
"06072026","0","","APRILIA","RS 660","Cádiz","Andalucía","659"
"06072026","0","","BENDA","NAPOLEON 125","Madrid","Comunidad de Madrid","125"
"06072026","0","","HONDA","ADV 350","Barcelona","Cataluña","330"
"06072026","0","","QJMOTOR","FORT 125 N E5+","Palmas (Las)","Canarias","125"
"06072026","0","","YAMAHA","MT-07","Cantabria","Cantabria","689"
"06072026","0","","HONDA","PCX 125","Madrid","Comunidad de Madrid","125"
"06072026","0","","ZONTES","125X","Madrid","Comunidad de Madrid","125"
"06072026","0","","ZONTES","125X","Illes Balears","Illes Balears","125"
"06072026","0","","KYMCO","AGILITY S","Cádiz","Andalucía","125"
"06072026","0","","YAMAHA","XMAX 300","Coruña (A)","Galicia","292"
"06072026","0","","YAMAHA","TMAX 560","Barcelona","Cataluña","562"
"06072026","0","","MOTO GUZZI","STELVIO (A.R.A.S.)","Cádiz","Andalucía","1042"
"06072026","0","","SYM","JET X","Girona","Cataluña","125"
"06072026","0","","YAMAHA","XMAX 125","Murcia","Región de Murcia","125"
"06072026","0","","HONDA","CBF 125","Bizkaia","País Vasco","125"
"06072026","0","","KYMCO","SUPER DINK GT","Huelva","Andalucía","321"
"06072026","0","","ZONTES","350S","Málaga","Andalucía","348"
"06072026","0","","VOGE","DS900X","Coruña (A)","Galicia","895"
"06072026","0","","YAMAHA","RayZR 125","Illes Balears","Illes Balears","125"
"06072026","0","","YAMAHA","MT-07","Valencia/València","Comunidad Valenciana","689"
"06072026","0","","PIAGGIO","BEVERLY 310 HPE","Illes Balears","Illes Balears","310"
"06072026","0","","KAWASAKI","NINJA 650","Alicante/Alacant","Comunidad Valenciana","649"
"06072026","0","","ZONTES","368G","Málaga","Andalucía","368"
"06072026","0","","VOGE","R125S","Cantabria","Cantabria","125"
"06072026","0","","CFMOTO","450MT","Barcelona","Cataluña","449"
"06072026","0","","YAMAHA","RayZR 125","Illes Balears","Illes Balears","125"
"06072026","0","","CFMOTO","DUAL250","Asturias","Principado de Asturias","249"
"06072026","0","","KYMCO","AGILITY S","Alicante/Alacant","Comunidad Valenciana","125"
"06072026","0","","ZONTES","125X","Madrid","Comunidad de Madrid","125"
"06072026","0","","HONDA","GB350S","Cádiz","Andalucía","348"
"06072026","0","","YAMAHA","NMAX 125","Barcelona","Cataluña","125"
"06072026","0","","YAMAHA","NMAX 125","Málaga","Andalucía","125"
"06072026","0","","ZONTES","ZT125-Z2","Madrid","Comunidad de Madrid","125"
"06072026","0","","CFMOTO","675SR-R","Santa Cruz de Tenerife","Canarias","674"
"06072026","0","","HERO MOTOCORP","X PULSE 200 4V","Almería","Andalucía","200"
"06072026","0","","SYM","SYMPHONY 125","Tarragona","Cataluña","125"
"06072026","0","","YAMAHA","NMAX 125","Santa Cruz de Tenerife","Canarias","125"
"06072026","0","","MH MOTORCYCLES","VR10","Sevilla","Andalucía","124"
"06072026","0","","ZONTES","368G","Barcelona","Cataluña","368"
"06072026","0","","KOVE","KOVE 800 X PRO 2026","Madrid","Comunidad de Madrid","799"
"06072026","0","","HONDA","PCX 125","Castellón/Castelló","Comunidad Valenciana","125"
"06072026","0","","BAJAJ","DOMINAR D 400","Illes Balears","Illes Balears","373"
"06072026","0","","ZONTES","368G","Madrid","Comunidad de Madrid","368"
"06072026","0","","VOGE","DS525X","Palmas (Las)","Canarias","494"
"06072026","0","","YAMAHA","XTZ 700 Tenere","Madrid","Comunidad de Madrid","689"
"06072026","0","","HONDA","FORZA125","Barcelona","Cataluña","125"
"06072026","0","","SYM","CRUISYM 125 TCS E5+","Illes Balears","Illes Balears","124"
"06072026","0","","HONDA","ST125A","Palmas (Las)","Canarias","124"
"06072026","0","","YAMAHA","MT-07","Almería","Andalucía","689"
"06072026","0","","HUSQVARNA","HUSQVARNA 801 SVARTPIL","Madrid","Comunidad de Madrid","799"
"06072026","0","","KYMCO","AGILITY S","Tarragona","Cataluña","125"
"06072026","0","","KYMCO","SUPER DINK GT","Málaga","Andalucía","321"
"06072026","0","","ZONTES","703RR","Madrid","Comunidad de Madrid","699"
"06072026","0","","HONDA","VISION 110","Lleida","Cataluña","109"
"06072026","0","","KEEWAY","VIESTE 125LX","Cádiz","Andalucía","125"
"06072026","0","","ZONTES","368G","Barcelona","Cataluña","368"
"06072026","0","","VOGE","625DSX","Barcelona","Cataluña","581"
"06072026","0","","RIEJU","NKD 125","Alicante/Alacant","Comunidad Valenciana","124"
"06072026","0","","TRIUMPH","SCRAMBLER 1200 XE","Valencia/València","Comunidad Valenciana","1200"
"06072026","0","","PIAGGIO","BEVERLY 400 HPE","Granada","Andalucía","399"
"06072026","0","","QJMOTOR","SRT 600 SX E5+","Cuenca","Castilla-La Mancha","554"
"06072026","0","","HONDA","VISION 110","Coruña (A)","Galicia","109"
"06072026","0","","CFMOTO","800MT","Santa Cruz de Tenerife","Canarias","799"
"06072026","0","","HONDA","FORZA125","Cádiz","Andalucía","125"
"06072026","0","","KYMCO","SUPER DINK GT 125 E5+","Sevilla","Andalucía","124"
"06072026","0","","BAJAJ","PULSAR NS 125","Barcelona","Cataluña","124"
"06072026","0","","VOGE","DS525X","Jaén","Andalucía","494"
"06072026","0","","SUZUKI","GSX-S125","Tarragona","Cataluña","124"
"06072026","0","","ZONTES","368G","Málaga","Andalucía","368"
"06072026","0","","HONDA","FORZA125","Madrid","Comunidad de Madrid","125"
"06072026","0","","YAMAHA","WR125","Cádiz","Andalucía","125"
"06072026","0","","YAMAHA","NMAX 125","León","Castilla y León","125"
"06072026","0","","KYMCO","DTX","Jaén","Andalucía","124"
"06072026","0","","YAMAHA","R7","Madrid","Comunidad de Madrid","689"
"06072026","0","","ZONTES","125C","Salamanca","Castilla y León","125"
"06072026","0","","JIAJUE","ROCKET 125","Barcelona","Cataluña","125"
"06072026","0","","YAMAHA","XTZ 700 Tenere","Madrid","Comunidad de Madrid","689"
"06072026","0","","VOGE","DS900X","Madrid","Comunidad de Madrid","895"
"06072026","0","","HONDA","ADV 750","Sevilla","Andalucía","745"
"06072026","0","","YAMAHA","R125","Asturias","Principado de Asturias","125"
"06072026","0","","ZONTES","368G","Barcelona","Cataluña","368"
"06072026","0","","HONDA","PCX 125","Madrid","Comunidad de Madrid","125"
"06072026","0","","KYMCO","AGILITY S","Bizkaia","País Vasco","125"
"06072026","0","","QJMOTOR","SRT 600 SX E5+","Tarragona","Cataluña","554"
"06072026","0","","HONDA","PCX 125","Albacete","Castilla-La Mancha","125"
"06072026","0","","ZONTES","368G","Tarragona","Cataluña","368"
"06072026","0","","HONDA","PCX 125","Cádiz","Andalucía","125"
"06072026","0","","HONDA","PCX 125","Barcelona","Cataluña","125"
"06072026","0","","ZONTES","ZT125-U1","Álava/Araba","País Vasco","125"
"06072026","0","","KAWASAKI","Z500","Madrid","Comunidad de Madrid","451"
"06072026","0","","SYM","JET X","Cádiz","Andalucía","125"
"06072026","0","","KYMCO","DTX","Granada","Andalucía","124"
"06072026","0","","KYMCO","SUPER DINK GT 125 E5+","Coruña (A)","Galicia","124"
"06072026","0","","QJMOTOR","SRV 125 E5+","Palmas (Las)","Canarias","125"
"06072026","0","","KOVE","KOVE 800 X PRO 2026","Madrid","Comunidad de Madrid","799"
"06072026","0","","MITT","GT-S","Madrid","Comunidad de Madrid","125"
"06072026","0","","KYMCO","DTX","Madrid","Comunidad de Madrid","321"
"06072026","0","","APRILIA","SR GT 125","Granada","Andalucía","125"
"06072026","0","","SUZUKI","GSX-R125","Barcelona","Cataluña","124"
"06072026","0","","HONDA","FORZA 350","Málaga","Andalucía","330"
"06072026","0","","KOVE","KOVE 800 X PRO 2026","Madrid","Comunidad de Madrid","799"
"06072026","0","","ZONTES","703F","Ourense","Galicia","699"
"06072026","0","","SWM","SUPERDUAL T","Alicante/Alacant","Comunidad Valenciana","600"
"06072026","0","","YAMAHA","NMAX 125","Alicante/Alacant","Comunidad Valenciana","125"
"06072026","0","","SYM","SYMPHONY 125","Illes Balears","Illes Balears","125"
"06072026","0","","HONDA","SH Mode 125","Barcelona","Cataluña","125"
"06072026","0","","SUZUKI","GSX-S125","Murcia","Región de Murcia","124"
"06072026","0","","HONDA","ADV 350","Madrid","Comunidad de Madrid","330"
"06072026","0","","HONDA","PCX 125","Ciudad Real","Castilla-La Mancha","125"
"06072026","0","","KYMCO","AGILITY S","Valencia/València","Comunidad Valenciana","125"
"06072026","0","","HONDA","PCX 125","Córdoba","Andalucía","125"
"06072026","0","","HONDA","SH125i","Málaga","Andalucía","125"
"06072026","0","","KAWASAKI","Z900","Sevilla","Andalucía","948"
"06072026","0","","HONDA","FORZA125","Pontevedra","Galicia","125"
"06072026","0","","KYMCO","PEOPLE S 125 E5+","Alicante/Alacant","Comunidad Valenciana","125"
"06072026","0","","HONDA","PCX 125","Cádiz","Andalucía","125"
"06072026","0","","KYMCO","SKYTOWN 125","Gipuzkoa","País Vasco","125"
"06072026","0","","ZONTES","125C","Valencia/València","Comunidad Valenciana","125"
"06072026","0","","CFMOTO","1000MT-X","Barcelona","Cataluña","946"
"06072026","0","","KAWASAKI","NINJA 650","Navarra","Comunidad Foral de Navarra","649"
"06072026","0","","YAMAHA","NMAX 125","Madrid","Comunidad de Madrid","125"
"06072026","0","","YAMAHA","NMAX 125","Alicante/Alacant","Comunidad Valenciana","125"
"06072026","0","","SHERCO","125 SE-R","Barcelona","Cataluña","125"
"06072026","0","","HONDA","VISION 110","Barcelona","Cataluña","109"
"06072026","0","","KOVE","KOVE 625 X","Barcelona","Cataluña","581"
"06072026","0","","MACBOR","EIGHT MILE 125 LC","Cáceres","Extremadura","124"
"06072026","0","","ZONTES","125X","Gipuzkoa","País Vasco","125"
"06072026","0","","APRILIA","SR GT 125","Málaga","Andalucía","125"
"06072026","0","","KYMCO","AGILITY S","Valencia/València","Comunidad Valenciana","125"
"06072026","0","","HONDA","FORZA 750","Palmas (Las)","Canarias","745"
"06072026","0","","KAWASAKI","Z500","Gipuzkoa","País Vasco","451"
"06072026","0","","ZONTES","125X","Zaragoza","Aragón","125"
"06072026","0","","BMW","R 1300 RT","Valencia/València","Comunidad Valenciana","1300"
"06072026","0","","PIAGGIO","VESPA GTS","Illes Balears","Illes Balears","310"
"06072026","0","","SYM","JET 14","Gipuzkoa","País Vasco","125"
"06072026","0","","SUZUKI","GSX-S125","Murcia","Región de Murcia","124"
"06072026","0","","YAMAHA","XMAX 300","Málaga","Andalucía","292"
"06072026","0","","PIAGGIO","MEDLEY 125","Barcelona","Cataluña","125"
"06072026","0","","MACBOR","SHIFTER 125 EVO","Madrid","Comunidad de Madrid","125"
"06072026","0","","YAMAHA","XTZ 700 Tenere","Coruña (A)","Galicia","689"
"06072026","0","","HONDA","FORZA125","Pontevedra","Galicia","125"
"06072026","0","","APRILIA","SR GT 125","Alicante/Alacant","Comunidad Valenciana","125"
"06072026","0","","YAMAHA","MT-07","Pontevedra","Galicia","689"
"06072026","0","","KYMCO","SKYTOWN 125","Madrid","Comunidad de Madrid","125"
"06072026","0","","ZONTES","703F","Barcelona","Cataluña","699"
"06072026","0","","HONDA","PCX 125","Lleida","Cataluña","125"
"06072026","0","","APRILIA","RS 125","Santa Cruz de Tenerife","Canarias","124"
"06072026","0","","KEEWAY","XDV 125 EVO PRO","Sevilla","Andalucía","125"
"06072026","0","","BMW","F 800 GS","Alicante/Alacant","Comunidad Valenciana","895"
"06072026","0","","KEEWAY","XDV 125 EVO PRO","Asturias","Principado de Asturias","125"
"06072026","0","","TRIUMPH","STREET TRIPLE 765 RX","Toledo","Castilla-La Mancha","765"
"06072026","0","","PEUGEOT","KISBEE M","Santa Cruz de Tenerife","Canarias","125"
"06072026","0","","ZONTES","ZT125-G1","Barcelona","Cataluña","125"
"06072026","0","","YAMAHA","XMAX 125","Santa Cruz de Tenerife","Canarias","125"
"06072026","0","","KOVE","NK 125 R","Pontevedra","Galicia","125"
"06072026","0","","KAWASAKI","Z900","Barcelona","Cataluña","948"
"06072026","0","","YAMAHA","XMAX 125","Santa Cruz de Tenerife","Canarias","125"
"06072026","0","","ZONTES","703RR","Madrid","Comunidad de Madrid","699"
"06072026","0","","SUZUKI","BURGMAN 400","Alicante/Alacant","Comunidad Valenciana","400"
"06072026","0","","HONDA","SH125i","Barcelona","Cataluña","125"
"06072026","0","","HONDA","FORZA125","Barcelona","Cataluña","125"
"06072026","0","","SYM","SYMPHONY 125","Barcelona","Cataluña","125"
"06072026","0","","SYM","FUGUE 125 ABS TOP CASE","Sevilla","Andalucía","124"
"06072026","0","","MACBOR","SHIFTER 125 EVO","Barcelona","Cataluña","125"
"06072026","0","","KYMCO","SKYTOWN 125","Badajoz","Extremadura","125"
"06072026","0","","APRILIA","SR GT 125","Barcelona","Cataluña","125"
"06072026","0","","APRILIA","TUONO V4","Madrid","Comunidad de Madrid","1077"
"06072026","0","","QJMOTOR","FORT 125 N E5+","Alicante/Alacant","Comunidad Valenciana","125"
"06072026","0","","RIEJU","RALLY 307","Tarragona","Cataluña","292"
"06072026","0","","HONDA","FORZA 750","Girona","Cataluña","745"
"06072026","0","","YAMAHA","NMAX 125","Málaga","Andalucía","125"
"06072026","0","","CFMOTO","675SR-R","Zaragoza","Aragón","674"
"06072026","0","","YAMAHA","R125","Málaga","Andalucía","125"
"06072026","0","","VOGE","DS900X","Barcelona","Cataluña","895"
"06072026","0","","YAMAHA","NMAX 125","Granada","Andalucía","125"
"06072026","0","","YAMAHA","RayZR 125","Alicante/Alacant","Comunidad Valenciana","125"
"06072026","0","","BMW","R 1300 GS","Valencia/València","Comunidad Valenciana","1300"
"06072026","0","","KYMCO","DTX","Madrid","Comunidad de Madrid","124"
"06072026","0","","SYM","JET 14","Málaga","Andalucía","125"
"06072026","0","","HONDA","ADV 350","Madrid","Comunidad de Madrid","330"
"06072026","0","","VOGE","DS900X","Castellón/Castelló","Comunidad Valenciana","895"
"06072026","0","","YAMAHA","NMAX 125","Castellón/Castelló","Comunidad Valenciana","125"
"06072026","0","","VOGE","DS800X RALLY","Barcelona","Cataluña","798"
"06072026","0","","MACBOR","EIGHT MILE 125 LC","Palmas (Las)","Canarias","124"
"06072026","0","","VOGE","SR4 MAX","Valencia/València","Comunidad Valenciana","350"
"06072026","0","","ZONTES","ZT125-GK","Madrid","Comunidad de Madrid","125"
"06072026","0","","KYMCO","XCITING VS 400","Madrid","Comunidad de Madrid","400"
"06072026","0","","HONDA","FORZA 750","Madrid","Comunidad de Madrid","745"
"06072026","0","","KTM","KTM 390 ADVENTURE R","Asturias","Principado de Asturias","399"
"06072026","0","","KAWASAKI","VERSYS 650","Sevilla","Andalucía","649"
"06072026","0","","HONDA","FORZA 750","Cádiz","Andalucía","745"
"06072026","0","","YAMAHA","NMAX 125","Barcelona","Cataluña","125"
"06072026","0","","HONDA","VISION 110","Málaga","Andalucía","109"
"06072026","0","","PIAGGIO","VESPA GTS","Toledo","Castilla-La Mancha","310"
"06072026","0","","ZONTES","125X","Girona","Cataluña","125"
"06072026","0","","CFMOTO","1000MT-X","Asturias","Principado de Asturias","946"
"06072026","0","","RIEJU","AVENTURA 500","Rioja (La)","La Rioja","471"
"06072026","0","","VOGE","625DSX","Castellón/Castelló","Comunidad Valenciana","581"
"06072026","0","","BENELLI","BN125","Málaga","Andalucía","125"
"06072026","0","","RIEJU","NOT APPLICABLE","Madrid","Comunidad de Madrid","124"
"06072026","0","","ZONTES","125X","Granada","Andalucía","125"
"06072026","0","","VOGE","625DSX","Cádiz","Andalucía","581"
"06072026","0","","KOVE","KOVE 800 X PRO 2026","Madrid","Comunidad de Madrid","799"
"06072026","0","","SYM","JET 14","Girona","Cataluña","125"
"06072026","0","","VOGE","SR1","Zamora","Castilla y León","125"
"06072026","0","","PIAGGIO","VESPA PRIMAVERA 125","Barcelona","Cataluña","124"
"06072026","0","","QJMOTOR","MTX 125 E5+","Huelva","Andalucía","125"
"06072026","0","","MITT","125 NK","Madrid","Comunidad de Madrid","124"
"06072026","0","","KYMCO","DTX","Palmas (Las)","Canarias","124"
"06072026","0","","SYM","JOYMAX Z 300 E5+","Illes Balears","Illes Balears","278"
"06072026","0","","CFMOTO","450MT","Huelva","Andalucía","449"
"06072026","0","","VOGE","R125S","Santa Cruz de Tenerife","Canarias","125"
"06072026","0","","SYM","JET 14","Málaga","Andalucía","125"
"06072026","0","","SYM","JET 14","Illes Balears","Illes Balears","125"
"06072026","0","","ZONTES","ZT125-Z2","Málaga","Andalucía","125"
"06072026","0","","DUCATI","MULTISTRADA V2","Madrid","Comunidad de Madrid","890"
"06072026","0","","CYCLONE","RX2","Jaén","Andalucía","124"
"06072026","0","","YAMAHA","MT-09","Coruña (A)","Galicia","890"
"06072026","0","","VOGE","625DSX","Barcelona","Cataluña","581"
"06072026","0","","HONDA","PCX 125","Huelva","Andalucía","125"
"06072026","0","","KAWASAKI","Z650","Madrid","Comunidad de Madrid","649"
"06072026","0","","BMW","R 12 G/S","Madrid","Comunidad de Madrid","1170"
"06072026","0","","HONDA","VISION 110","Girona","Cataluña","109"
"06072026","0","","MH MOTORCYCLES","XRT","Almería","Andalucía","125"
"06072026","0","","VOGE","DS900X","Barcelona","Cataluña","895"
"06072026","0","","BAJAJ","PULSAR NS 125","Alicante/Alacant","Comunidad Valenciana","124"
"06072026","0","","YAMAHA","MT-07","Madrid","Comunidad de Madrid","689"
"06072026","0","","ZONTES","125C","Valencia/València","Comunidad Valenciana","125"
"06072026","0","","APRILIA","SR GT 125","Cádiz","Andalucía","125"
"06072026","0","","HONDA","FORZA125","Santa Cruz de Tenerife","Canarias","125"
"06072026","0","","BRIXTON","CROSSFIRE 125XS","Pontevedra","Galicia","125"
"06072026","0","","HONDA","ADV 350","Lleida","Cataluña","330"
"06072026","0","","LETBE","ISLAND","Madrid","Comunidad de Madrid","125"
"06072026","0","","QJMOTOR","MTX 125 E5+","Sevilla","Andalucía","125"
"06072026","0","","QJMOTOR","SRT 300 DX","Cádiz","Andalucía","292"
"06072026","0","","ZONTES","125D","Álava/Araba","País Vasco","125"
"06072026","0","","HONDA","PCX 125","Alicante/Alacant","Comunidad Valenciana","125"
"06072026","0","","QJMOTOR","FORT 4.0 E5+","Sevilla","Andalucía","350"
"06072026","0","","QJMOTOR","LTR 125 E5+","Lleida","Cataluña","125"
"06072026","0","","HONDA","CB 500 F","Barcelona","Cataluña","471"
"06072026","0","","SYM","SYMPHONY 125","Barcelona","Cataluña","125"
"06072026","0","","CFMOTO","450MT","Huelva","Andalucía","449"
"06072026","0","","HONDA","NC 750 X","Barcelona","Cataluña","745"
"06072026","0","","LETBE","MECHA","Barcelona","Cataluña","125"
"06072026","0","","SYM","SYMPHONY 125","Barcelona","Cataluña","125"
"06072026","0","","CFMOTO","450MT","Girona","Cataluña","449"
"06072026","0","","KTM","KTM 390 DUKE","Córdoba","Andalucía","399"
"06072026","0","","ZONTES","125X","Álava/Araba","País Vasco","125"
"06072026","0","","YAMAHA","XTZ 700 Tenere","Coruña (A)","Galicia","689"
"06072026","0","","PIAGGIO","LIBERTY 125 ABS","Málaga","Andalucía","124"
"06072026","0","","HONDA","PCX 125","Cádiz","Andalucía","125"
"06072026","0","","YAMAHA","TMAX 560","Coruña (A)","Galicia","562"
